{"cameraMode":{"drawMode":0,"name":"Shaded","section":"Shading Mode"},"sceneLighting":true,"audioPlay":false,"sceneViewState":{"showFog":false,"showMaterialUpdate":false,"showSkybox":false,"showFlares":false,"showImageEffects":false,"showParticleSystems":false},"in2DMode":false,"pivot":{"x":3.386140823364258,"y":-11.903276443481446,"z":-3.3084182739257814},"rotation":{"x":-0.03940076380968094,"y":0.9250070452690125,"z":-0.36443838477134707,"w":-0.10000943392515183},"size":23.205955505371095,"orthographic":false}